{"dqn/dqn_sample": {"0": {"mean": 0.0745282769203186, "std": 0.0857154121007597, "epoch": 9, "priority": -0.07969722430972234}, "1": {"mean": 0.0745282769203186, "std": 0.004616290970204856, "epoch": 1, "priority": 0.0730708392741685}, "2": {"mean": 0.0745282769203186, "std": 0.0, "epoch": 1, "priority": 0.0745282769203186}, "3": {"mean": 0.0745282769203186, "std": 0.0, "epoch": 1, "priority": 0.0745282769203186}, "4": {"mean": 0.13303324580192566, "std": 0.0516603015208855, "epoch": 6, "priority": 0.04431727172419023}, "5": {"mean": 0.0745282769203186, "std": 0.0, "epoch": 1, "priority": 0.0745282769203186}, "6": {"mean": 0.08962974697351456, "std": 0.0, "epoch": 1, "priority": 0.08962974697351456}, "7": {"mean": 0.13478577136993408, "std": 0.03307820379383055, "epoch": 4, "priority": 0.13758706514207475}, "8": {"mean": 0.0745282769203186, "std": 0.09982921723429813, "epoch": 10, "priority": 0.06199012230444148}, "9": {"mean": 0.19538162648677826, "std": 0.0, "epoch": 1, "priority": 0.19538162648677826}}, "dqn/summary": {"round": 26, "clients_per_round": 10, "n_epochs": 5, "selected_clients": [8, 0, 6, 1, 3, 9, 2, 5, 7, 4], "drop_clients": [], "local_loss": {}, "local_train_time": 1.7457646801148614, "delay": 1.5526704907996454, "accuracy": 0.483, "test_loss": 1.911674347548439}, "_runtime": 1454, "_timestamp": 1641119676, "_step": 51, "agent/ddpg_agent": {"episode_reward": 0.0, "total_reward": [-5.527417063713074], "local_losses": [0.0, 0.0, 0.0, 0.0, 0.0, 0.0, 0.0, 0.0, 0.0, 0.0], "mean_losses": 0.0, "std_losses": 0.0}, "agent/local_losses": [0.0, 0.0, 0.0, 0.0, 0.0, 0.0, 0.0, 0.0, 0.0, 0.0], "_wandb": {"runtime": 1468}}