{"dqn/dqn_sample": {"0": {"mean": 0.0780254378914833, "std": 0.0, "epoch": 1, "priority": 0.0780254378914833}, "1": {"mean": 0.08829790353775024, "std": 0.1, "epoch": 10, "priority": -0.11703006274063954}, "2": {"mean": 0.0780254378914833, "std": 0.0779939650387825, "epoch": 8, "priority": -0.008855945205150775}, "3": {"mean": 0.0780254378914833, "std": 0.0, "epoch": 1, "priority": 0.0780254378914833}, "4": {"mean": 0.11574626713991165, "std": 0.0, "epoch": 1, "priority": 0.11574626713991165}, "5": {"mean": 0.0780254378914833, "std": 0.03893133641552985, "epoch": 4, "priority": 0.125070220868272}, "6": {"mean": 0.0780254378914833, "std": 0.1, "epoch": 10, "priority": 0.18151452058257406}, "7": {"mean": 0.10145031660795212, "std": 0.1, "epoch": 10, "priority": 0.08496305739446612}, "8": {"mean": 0.09228336811065674, "std": 0.0, "epoch": 1, "priority": 0.09228336811065674}, "9": {"mean": 0.21209512650966644, "std": 0.1, "epoch": 10, "priority": 0.38884224035878}}, "summary/summary": {"round": 103, "clients_per_round": 10, "n_epochs": 5, "selected_clients": [4, 7, 2, 8, 1, 5, 0, 9, 3, 6], "drop_clients": [], "local_loss": {"0": {"local_loss": 0.0}, "1": {"local_loss": 0.0}, "2": {"local_loss": 0.0}, "3": {"local_loss": 0.0}, "4": {"local_loss": 0.0}, "5": {"local_loss": 0.0}, "6": {"local_loss": 0.0}, "7": {"local_loss": 0.0}, "8": {"local_loss": 0.0}, "9": {"local_loss": 0.0}}, "local_train_time": 2.167481312688745, "delay": 1.9799659584404499, "accuracy": 0.3068, "test_loss": 2.014774257763506}, "_runtime": 13310, "_timestamp": 1641133024, "_step": 205, "agent/ddpg_agent": {"episode_reward": 0.0, "total_reward": [-5.535904865711927, 0.0, 0.0, 0.0, 0.0, 0.0], "local_losses": [0.0, 0.0, 0.0, 0.0, 0.0, 0.0, 0.0, 0.0, 0.0, 0.0], "mean_losses": 0.0, "std_losses": 0.0}, "agent/local_losses": [0.0, 0.0, 0.0, 0.0, 0.0, 0.0, 0.0, 0.0, 0.0, 0.0], "_wandb": {"runtime": 13343}}