{"dqn/dqn_sample": {"0": {"mean": 0.11167778819799423, "std": 0.1, "epoch": 10, "priority": -0.1368074001818368}, "1": {"mean": 0.15212568640708923, "std": 0.060593206045775824, "epoch": 7, "priority": 0.17974404100360528}, "2": {"mean": 0.0559639148414135, "std": 0.0, "epoch": 1, "priority": 0.0559639148414135}, "3": {"mean": 0.15212568640708923, "std": 0.04737856393936211, "epoch": 5, "priority": 0.17245989179845464}, "4": {"mean": 0.0559639148414135, "std": 0.0, "epoch": 1, "priority": 0.0559639148414135}, "5": {"mean": 0.0559639148414135, "std": 0.03309486336294772, "epoch": 4, "priority": 0.04042912297013565}, "6": {"mean": 0.0559639148414135, "std": 0.1, "epoch": 10, "priority": 0.08016480986220838}, "7": {"mean": 0.15212568640708923, "std": 0.1, "epoch": 10, "priority": 0.05226751357612407}, "8": {"mean": 0.15212568640708923, "std": 0.0, "epoch": 1, "priority": 0.15212568640708923}, "9": {"mean": 0.0559639148414135, "std": 0.0, "epoch": 1, "priority": 0.0559639148414135}}, "summary/summary": {"round": 86, "clients_per_round": 10, "n_epochs": 5, "selected_clients": [9, 1, 7, 2, 4, 3, 5, 6, 0, 8], "drop_clients": [], "local_loss": {"0": {"local_loss": 0.0}, "1": {"local_loss": 0.0}, "2": {"local_loss": 0.0}, "3": {"local_loss": 0.0}, "4": {"local_loss": 0.0}, "5": {"local_loss": 0.0}, "6": {"local_loss": 0.0}, "7": {"local_loss": 0.0}, "8": {"local_loss": 0.0}, "9": {"local_loss": 0.0}}, "local_train_time": 203.32040436929276, "delay": 184.31096674137538, "accuracy": 0.2771, "test_loss": 1.910407242683557}, "_runtime": 13242, "_timestamp": 1641132981, "_step": 171, "agent/ddpg_agent": {"episode_reward": 0.0, "total_reward": [-0.07988433525315486, 0.0, 0.0, 0.0, 0.0], "local_losses": [0.0, 0.0, 0.0, 0.0, 0.0, 0.0, 0.0, 0.0, 0.0, 0.0], "mean_losses": 0.0, "std_losses": 0.0}, "agent/local_losses": [0.0, 0.0, 0.0, 0.0, 0.0, 0.0, 0.0, 0.0, 0.0, 0.0], "_wandb": {"runtime": 13331}}